Direction,Order,Expiration,Asset,Open time,Close time,Open price,Close price,Trade amount,Profit,Currency
call,0f2129a0-8457-4bf6-9f30-f4d0ddc59f3a,S60,EUR/CHF OTC,2025-11-12 20:21:57,2025-11-12 20:22:57,0.94302,0.94235,2.8,-2.8,USD
call,43e99207-e76b-475a-a092-02c55e187da5,S60,EUR/GBP OTC,2025-11-12 20:19:51,2025-11-12 20:20:51,0.88657,0.88672,2.72,2.04,USD
put,5fbdb9b9-4a87-45b7-b8be-74b39acdcaed,S5,AUD/USD OTC,2025-11-12 20:20:05,2025-11-12 20:20:10,0.6446,0.6444,2.66,2.29,USD
call,02270aea-9635-408a-b1dd-dd207253202a,S60,EUR/GBP OTC,2025-11-12 20:18:46,2025-11-12 20:19:46,0.88619,0.88656,2.58,1.94,USD
put,83fd330a-e19a-444c-be4e-b083ac898320,S60,AUD/NZD OTC,2025-11-12 20:18:00,2025-11-12 20:19:00,1.29993,1.29719,2.54,2.34,USD
call,59765f58-f04e-4431-b665-01e7cd960b07,S60,EUR/GBP OTC,2025-11-12 20:17:40,2025-11-12 20:18:40,0.88627,0.88604,2.59,-2.59,USD
put,c6122237-0a3d-4d15-a01f-41b07b40e528,S60,OMR/CNY OTC,2025-11-12 20:17:27,2025-11-12 20:18:27,18.47655,18.47642,2.64,2.09,USD
call,cdb27b34-75d2-49c5-9cd0-1a26f97dadc8,S60,USD/BRL OTC,2025-11-12 20:16:27,2025-11-12 20:17:27,5.3714,5.3606,2.51,-2.51,USD
put,7a141dac-2a8c-4875-87c7-91b084db539f,S60,USD/PKR OTC,2025-11-12 20:16:13,2025-11-12 20:17:13,269.45,269.438,2.56,2.33,USD
put,35a3e1ac-2147-4b83-acab-bb6cea6610f5,S60,USD/THB OTC,2025-11-12 20:15:42,2025-11-12 20:16:42,36.52235,36.52223,2.51,1.83,USD
put,00fe89e3-21d5-46be-847d-7fe67a82e8f5,S60,USD/RUB OTC,2025-11-12 20:15:00,2025-11-12 20:16:00,74.9759,74.9745,2.56,2.36,USD
put,5226a816-5562-43aa-a330-75f5c54963d3,S60,USD/THB OTC,2025-11-12 20:14:38,2025-11-12 20:15:38,36.5223,36.52244,2.61,-2.61,USD
call,65aeac57-fe5d-4442-bc54-3f4018ed01df,S60,EUR/GBP OTC,2025-11-12 20:13:46,2025-11-12 20:14:46,0.88515,0.88427,2.67,-2.67,USD
call,767bc6b2-1c68-4d9b-a5b1-b28429549225,S5,EUR/GBP OTC,2025-11-12 20:13:30,2025-11-12 20:13:35,0.88537,0.88531,2.72,-2.72,USD
call,0739e18e-4723-4cb6-ae4c-6cc4358a24a4,S60,EUR/GBP OTC,2025-11-12 20:12:21,2025-11-12 20:13:21,0.88518,0.88535,1.31,1.02,USD
call,1a0c3fa7-b5c9-41dd-a4be-c38aa50c5c1c,S60,EUR/TRY OTC,2025-11-12 20:12:14,2025-11-12 20:13:14,48.4771,48.47713,1.33,1.22,USD
put,3e46e236-3a84-4592-a2f6-67c708cf5a68,S60,OMR/CNY OTC,2025-11-12 20:11:41,2025-11-12 20:12:41,18.47669,18.47702,1.34,-1.34,USD
call,d04274cf-c720-4b70-b389-652d1d2b2f35,S5,EUR/GBP OTC,2025-11-12 20:12:28,2025-11-12 20:12:33,0.88552,0.88564,1.3,1.01,USD
put,af3202ed-7677-42d9-a2ad-6931ab292812,S5,OMR/CNY OTC,2025-11-12 20:11:38,2025-11-12 20:11:43,18.47668,18.47676,1.35,-1.35,USD
put,4569d012-d182-4902-8f10-1df9d54f96f0,S60,OMR/CNY OTC,2025-11-12 20:10:31,2025-11-12 20:11:31,18.47708,18.47682,1.34,1.07,USD
put,64bfc8ba-ba99-49d8-9e44-496c45d3755f,S60,USD/RUB OTC,2025-11-12 20:10:17,2025-11-12 20:11:17,74.9773,74.9805,1.36,-1.36,USD
put,de50458c-ca27-483d-a7f4-9f2c18202b07,S60,USD/RUB OTC,2025-11-12 20:08:47,2025-11-12 20:09:47,74.9797,74.9773,2.65,2.44,USD
put,4f6c2dcc-0e5c-4c68-b253-2d19e58182dc,S5,USD/RUB OTC,2025-11-12 20:09:42,2025-11-12 20:09:47,74.9772,74.9773,1.32,-1.32,USD
put,f1108690-f17b-451c-a49e-1ebc8072d856,S5,USD/RUB OTC,2025-11-12 20:09:09,2025-11-12 20:09:14,74.9782,74.9772,2.59,2.38,USD
put,1452a3c3-4129-4631-a1f3-70ac7477c98b,S5,USD/RUB OTC,2025-11-12 20:08:38,2025-11-12 20:08:43,74.9808,74.9802,2.6,2.39,USD
call,80d6531b-b342-4339-a56e-2be5009cbe44,S5,CHF/JPY OTC,2025-11-12 20:07:49,2025-11-12 20:07:54,192.333,192.348,1.29,1.19,USD
call,5cc5614f-ec2d-4ed4-8f7b-f255d16d8c3d,S5,CHF/JPY OTC,2025-11-12 20:07:37,2025-11-12 20:07:42,192.36,192.317,1.28,-1.28,USD
put,731f2fe9-7bd5-47b8-b86c-091f14ad3011,S60,EUR/USD OTC,2025-11-12 20:06:39,2025-11-12 20:07:39,1.14962,1.14909,1.26,1.16,USD
put,e7e79200-e7f9-49e3-ada7-d749fc3ea434,S120,CHF/JPY OTC,2025-11-12 20:05:23,2025-11-12 20:07:23,192.267,192.321,2.58,-2.58,USD
put,ab44c955-374f-44bf-9623-1733f088dc8b,S120,CHF/JPY OTC,2025-11-12 20:04:47,2025-11-12 20:06:47,192.426,192.209,1.3,1.2,USD
put,c98411b2-b131-48ff-bb30-8a3986340d8c,S60,AUD/NZD OTC,2025-11-12 20:03:51,2025-11-12 20:04:51,1.3029,1.30396,1.29,-1.29,USD
put,59ddf66e-d1cf-4548-a58d-de5df2d329ab,S60,CHF/JPY OTC,2025-11-12 20:03:36,2025-11-12 20:04:36,192.537,192.476,1.3,1.2,USD
put,9523c279-bcc9-4ea8-8723-406191de8733,S60,USD/DZD OTC,2025-11-12 20:02:43,2025-11-12 20:03:43,134.306,134.412,1.32,-1.32,USD
put,aba837c4-006e-4414-98df-d2dc28fe0b25,S60,AUD/CAD OTC,2025-11-12 20:00:06,2025-11-12 20:01:06,0.8982,0.89622,1.3,1.2,USD
put,09858473-4e4e-4a26-ad50-5acb22d2e9c7,S60,EUR/GBP OTC,2025-11-12 19:58:43,2025-11-12 19:59:43,0.87975,0.8802,2.61,-2.61,USD
call,c5536c30-a7a2-413d-8d2d-d872e52501c6,S60,OMR/CNY OTC,2025-11-12 19:58:13,2025-11-12 19:59:13,18.47971,18.47978,1.32,1.04,USD
put,49e53131-450b-4dc9-9f92-ef1426e92b34,S60,EUR/GBP OTC,2025-11-12 19:57:33,2025-11-12 19:58:33,0.87975,0.87978,1.31,-1.31,USD
call,a08b6710-f384-438c-8b2e-e61719034547,S60,OMR/CNY OTC,2025-11-12 19:57:09,2025-11-12 19:58:09,18.47962,18.47955,1.32,-1.32,USD
put,e72c6a20-5c63-45e4-ba00-f7d152f894d7,S60,USD/BRL OTC,2025-11-12 19:57:05,2025-11-12 19:58:05,5.3097,5.3086,1.33,1.22,USD
put,530204d6-dc34-42a8-9283-890633993852,S60,USD/DZD OTC,2025-11-12 19:53:52,2025-11-12 19:54:52,134.463,134.433,2.62,2.41,USD
put,dd61d8e6-76a3-42a7-9901-6f80551cb8e1,S60,USD/DZD OTC,2025-11-12 19:52:45,2025-11-12 19:53:45,134.436,134.485,1.32,-1.32,USD
call,7289d4e5-c660-45ba-b68b-6c6a10ec5471,S60,USD/PHP OTC,2025-11-12 19:52:32,2025-11-12 19:53:32,58.17443,58.17361,1.34,-1.34,USD
put,6a898f8d-7da4-46f1-83da-68000f32a1d4,S60,USD/DZD OTC,2025-11-12 19:50:54,2025-11-12 19:51:54,134.502,134.459,1.3,1.2,USD
call,80d459d7-e7ef-4903-8fe0-db3a9777949d,S60,USD/JPY OTC,2025-11-12 19:50:49,2025-11-12 19:51:49,158.064,158.016,1.31,-1.31,USD
put,bd74e623-b2ce-4300-a04b-a6541247736f,S60,AUD/CAD OTC,2025-11-12 19:49:54,2025-11-12 19:50:54,0.90307,0.90275,1.33,1.22,USD
call,28caaa93-0224-486e-b002-1fbd3f0d30ac,S60,CHF/JPY OTC,2025-11-12 19:48:54,2025-11-12 19:49:54,193.003,192.973,1.34,-1.34,USD
call,0f878c3b-ffdc-483b-8de3-b864aeac7b21,S60,USD/DZD OTC,2025-11-12 17:07:27,2025-11-12 17:08:27,134.662,134.719,1.3,1.2,USD
call,38edf993-d133-4493-8fbe-7d18b636cfd1,S60,EUR/NZD OTC,2025-11-12 17:07:02,2025-11-12 17:08:02,2.0612,2.06126,1.31,1.21,USD
call,edec2317-7724-4430-bcab-42fb5a26b2d0,S180,MAD/USD OTC,2025-11-12 17:04:18,2025-11-12 17:07:18,0.10975,0.10928,1.32,-1.32,USD
put,1e61b861-1eb2-402d-94e8-3351b44ef85c,S60,NZD/JPY OTC,2025-11-12 17:04:35,2025-11-12 17:05:35,83.392,83.369,1.31,0.8,USD
put,c7586fb5-a04f-4698-a0c4-1a79b6b1f22a,S60,NZD/JPY OTC,2025-11-12 17:02:34,2025-11-12 17:03:34,83.41,83.407,1.31,1.21,USD
call,a18565ac-7675-4736-b24a-65df8fb370f5,S60,USD/DZD OTC,2025-11-12 17:02:26,2025-11-12 17:03:26,134.62,134.581,1.32,-1.32,USD
call,f1d2da94-36d6-4fef-a31f-afb35b181e2b,S60,YER/USD OTC,2025-11-12 17:02:00,2025-11-12 17:03:00,0.0042267,0.0042223,1.33,-1.33,USD
put,a821c1ed-c43f-4a47-a6ad-191244ef1fc4,S60,TND/USD OTC,2025-11-12 17:00:29,2025-11-12 17:01:29,0.30936,0.30911,1.32,1.21,USD
put,83084fe7-0dc8-46df-98eb-bf4d4f2a232f,S60,TND/USD OTC,2025-11-12 16:58:24,2025-11-12 16:59:24,0.30985,0.30969,1.31,1.21,USD
call,251165ee-85a7-4905-b84c-916d013879db,S60,OMR/CNY OTC,2025-11-12 16:56:39,2025-11-12 16:57:39,18.47687,18.47654,1.32,-1.32,USD
call,6599e677-f39f-4244-85da-c7e76fd30c1e,S60,OMR/CNY OTC,2025-11-12 16:55:22,2025-11-12 16:56:22,18.47676,18.47668,1.34,-1.34,USD
call,dfbf155a-143a-45fc-954b-8c61c31be839,S60,EUR/GBP OTC,2025-11-12 16:55:15,2025-11-12 16:56:15,0.89355,0.89309,1.35,-1.35,USD
call,dc9cc01f-2f1e-4be8-be9f-2a8f39fe0625,S60,YER/USD OTC,2025-11-12 16:54:48,2025-11-12 16:55:48,0.0042232,0.0042216,1.36,-1.36,USD
put,b318a2d0-23d6-46d2-841d-a9fefdd68deb,S60,USD/BRL OTC,2025-11-12 16:53:33,2025-11-12 16:54:33,5.6094,5.6133,1.35,-1.35,USD
call,2fe3cc29-2b03-41c5-bcb7-145b058ff729,S60,EUR/NZD OTC,2025-11-12 16:53:21,2025-11-12 16:54:21,2.05897,2.05856,1.36,-1.36,USD
put,2f398c93-e7d0-411d-8505-921f636c059f,S60,USD/COP OTC,2025-11-12 16:53:16,2025-11-12 16:54:16,3863.78,3864.39,1.38,-1.38,USD
put,4db9ef65-a89f-4356-87fe-64aa8b34f3e2,S60,TND/USD OTC,2025-11-12 16:53:07,2025-11-12 16:54:07,0.31087,0.31046,1.39,1.28,USD
call,e3fabd1a-2ede-4b3c-b7d7-6df50719f6b6,S60,OMR/CNY OTC,2025-11-12 16:49:39,2025-11-12 16:50:39,18.47605,18.47651,1.38,1.27,USD
put,481a99ae-e894-47e0-87ea-42178ab912de,S60,CAD/CHF OTC,2025-11-12 16:49:22,2025-11-12 16:50:22,0.57812,0.5786,1.39,-1.39,USD
put,f42f68b5-e3fc-4594-86ee-60963ccc171a,S60,CAD/CHF OTC,2025-11-12 16:48:17,2025-11-12 16:49:17,0.5786,0.57834,1.35,1.24,USD
call,58d3e72b-13ae-44f5-ba3d-54a2dd8a2cf1,S60,EUR/NZD OTC,2025-11-12 16:48:06,2025-11-12 16:49:06,2.05757,2.05698,1.37,-1.37,USD
call,f0cdf8f4-6b1d-421c-b855-be9e988a5bde,S60,USD/PKR OTC,2025-11-12 16:47:49,2025-11-12 16:48:49,271.147,271.155,1.38,1.27,USD
call,97b26923-6c1f-415f-a906-e7519b2da292,S60,USD/PKR OTC,2025-11-12 16:46:46,2025-11-12 16:47:46,271.149,271.135,1.34,-1.34,USD
call,9917eb62-e924-438e-a392-99e1e9c06ca1,S60,EUR/NZD OTC,2025-11-12 16:46:42,2025-11-12 16:47:42,2.05658,2.05795,1.36,1.25,USD
put,d1e170c5-5934-41c7-b6c2-ec200781ccc2,S60,USD/THB OTC,2025-11-12 16:46:24,2025-11-12 16:47:24,36.52492,36.52525,1.37,-1.37,USD
call,aa6c6840-7a81-47b1-b75a-8509c10895fd,S60,YER/USD OTC,2025-11-12 16:46:16,2025-11-12 16:47:16,0.0042224,0.0042234,1.38,1.27,USD
call,78726a2f-58da-46ee-a835-ccc195997880,S60,YER/USD OTC,2025-11-12 16:44:38,2025-11-12 16:45:38,0.0042237,0.0042194,1.35,-1.35,USD
call,9fbbee07-8a13-45ed-9987-ffb374195454,S60,CAD/JPY OTC,2025-11-12 16:44:13,2025-11-12 16:45:13,111.612,111.672,1.36,1.14,USD
call,a9784149-02b8-4045-b76b-09e2a1d9f030,S60,USD/PKR OTC,2025-11-12 16:43:53,2025-11-12 16:44:53,271.081,271.1,1.37,1.26,USD
call,ea13a4ec-8f33-43dc-aa5e-6460c11434a4,S60,OMR/CNY OTC,2025-11-12 16:42:38,2025-11-12 16:43:38,18.47471,18.47479,1.31,1.21,USD
put,58f87455-9903-42f0-ab5b-09298ef45ac5,S60,BHD/CNY OTC,2025-11-12 16:42:32,2025-11-12 16:43:32,18.84176,18.84243,1.32,-1.32,USD
call,23a766fd-5fcb-4b27-b057-28577ca1a263,S60,YER/USD OTC,2025-11-12 16:42:25,2025-11-12 16:43:25,0.0042203,0.0042211,1.34,1.23,USD
put,eebc3405-52b4-475c-9ec2-b87cdfff9782,S60,CAD/CHF OTC,2025-11-12 16:42:22,2025-11-12 16:43:22,0.57918,0.57994,1.35,-1.35,USD
call,ce16eb3b-6206-4874-a0e1-9231342d5b83,S60,USD/PKR OTC,2025-11-12 16:41:53,2025-11-12 16:42:53,270.997,271.076,1.36,1.25,USD
put,213dfacf-3827-4c49-9f24-1f6954c638f7,S60,AUD/CHF OTC,2025-11-12 16:40:40,2025-11-12 16:41:40,0.55067,0.55051,2.58,2.37,USD
put,734bd582-409e-4a81-bf6b-772456b866ae,S60,AUD/CHF OTC,2025-11-12 16:40:26,2025-11-12 16:41:26,0.55076,0.55068,1.3,1.2,USD
put,ae6674a3-73b9-43e8-a0fa-ee98c55302a9,S60,AUD/CHF OTC,2025-11-12 16:39:55,2025-11-12 16:40:55,0.55147,0.55104,1.29,1.19,USD
call,d07e640e-135b-4df1-9fc7-c8648ff42364,S60,NGN/USD OTC,2025-11-12 16:39:11,2025-11-12 16:40:11,0.002679,0.002688,1.28,1.18,USD
put,c16fe1a0-398d-4537-9319-5eb1c5e54e40,S60,AUD/CHF OTC,2025-11-12 16:38:53,2025-11-12 16:39:53,0.55138,0.55156,1.29,-1.29,USD
call,b6dfcfc8-7e5b-4f09-82b3-d52c443e01ae,S60,AUD/USD OTC,2025-11-12 16:38:34,2025-11-12 16:39:34,0.6443,0.64424,1.3,-1.3,USD
call,2450ec31-4932-4cdb-9c20-790f82416030,S60,USD/RUB OTC,2025-11-12 16:38:21,2025-11-12 16:39:21,75.0277,75.0304,1.32,1.21,USD
call,687d81aa-47e4-490c-8b7e-50181e8171bc,S60,NGN/USD OTC,2025-11-12 16:38:07,2025-11-12 16:39:07,0.002685,0.00268,1.33,-1.33,USD
call,e74b292a-1438-4d0a-a7f3-1c8c06ed7931,S60,YER/USD OTC,2025-11-12 16:35:42,2025-11-12 16:36:42,0.0042071,0.0042099,1.29,1.19,USD
put,be42ad9d-8829-4539-a608-0516a19e0d92,S60,USD/ARS OTC,2025-11-12 16:35:31,2025-11-12 16:36:31,1203.25,1203.43,1.31,-1.31,USD
call,c81b1cc4-a970-4274-a6d3-f272d378ca0e,S60,USD/BRL OTC,2025-11-12 16:35:16,2025-11-12 16:36:16,5.6198,5.6149,1.32,-1.32,USD
put,f851552a-e5e6-448c-a075-a75683f89a83,S60,USD/PHP OTC,2025-11-12 16:35:02,2025-11-12 16:36:02,58.16182,58.16181,1.33,1.22,USD
call,7f2273a8-8855-4773-92e2-3205266a8216,S60,AUD/USD OTC,2025-11-12 16:33:44,2025-11-12 16:34:44,0.64414,0.6443,1.3,1.2,USD
call,3456261b-1289-49f8-97c8-b2f006ab7383,S60,MAD/USD OTC,2025-11-12 16:33:27,2025-11-12 16:34:27,0.11431,0.11532,1.31,1.21,USD
call,2c5fd634-9e8a-4c60-bd28-ace3a8860a3e,S60,QAR/CNY OTC,2025-11-12 16:32:19,2025-11-12 16:33:19,1.958852,1.958863,1.27,1.17,USD
call,34e1bda1-1d2d-4df7-93f9-4f02553dd4e5,S60,EUR/JPY OTC,2025-11-12 16:31:33,2025-11-12 16:32:33,178.215,178.229,1.29,1.1,USD
put,ee827bae-5ee6-4cd6-bea1-cb70162cb741,S60,AED/CNY OTC,2025-11-12 16:31:21,2025-11-12 16:32:21,1.99682,1.99884,1.3,-1.3,USD
put,f4bf85b6-3028-4604-8844-d1b4a3474894,S60,NZD/JPY OTC,2025-11-12 16:31:15,2025-11-12 16:32:15,83.395,83.463,1.31,-1.31,USD
call,5e277ca9-6cac-4c2e-b2a8-4ee8d12b2b1a,S60,USD/MYR OTC,2025-11-12 16:30:05,2025-11-12 16:31:05,4.713855,4.713825,1.3,-1.3,USD
put,0e416769-7fa7-4c26-9efb-db7ad91db593,S60,YER/USD OTC,2025-11-12 16:30:00,2025-11-12 16:31:00,0.0042109,0.0042115,1.31,-1.31,USD
put,05452e36-dbe4-479c-8a62-735a69fc74b2,S60,CAD/CHF OTC,2025-11-12 16:29:32,2025-11-12 16:30:32,0.58141,0.58072,1.3,1.17,USD
call,aa19bb21-db35-46ec-9186-f79375e481ea,S60,EUR/JPY OTC,2025-11-12 16:28:54,2025-11-12 16:29:54,178.08,178.153,1.31,1.21,USD
call,3fc5396a-b752-42bd-bafb-57ccf6aebe47,S60,EUR/JPY OTC,2025-11-12 16:27:49,2025-11-12 16:28:49,178.094,178.086,1.3,-1.3,USD
call,9b5bbc7f-e219-44a2-81af-47172095985f,S60,AED/CNY OTC,2025-11-12 16:27:36,2025-11-12 16:28:36,2.00027,1.99967,1.31,-1.31,USD
call,6470643f-ceef-4b81-b53e-2245bf453422,S60,USD/MXN OTC,2025-11-12 16:27:15,2025-11-12 16:28:15,19.1841,19.1928,1.33,1.22,USD
put,bd12adcb-5c7d-456d-8fd7-2da976a979ce,S60,USD/IDR OTC,2025-11-12 16:25:04,2025-11-12 16:26:04,16078.8,16097.4,1.34,-1.34,USD
put,9118bbbe-c751-46e8-9fc1-b4e238f9080f,S60,ZAR/USD OTC,2025-11-12 16:24:58,2025-11-12 16:25:58,0.06965,0.06992,1.35,-1.35,USD
put,4a00fd19-7bc1-4f7b-8553-24c0f49a96fd,S60,USD/VND OTC,2025-11-12 16:23:23,2025-11-12 16:24:23,25218.7,25220,1.32,-1.32,USD
call,5a0fd4f0-a991-4a79-9b16-db4c84b6e523,S60,GBP/USD OTC,2025-11-12 16:23:16,2025-11-12 16:24:16,1.33299,1.3336,1.33,1.18,USD
call,c65069e2-8abe-4390-9827-28d66da13012,S60,USD/MXN OTC,2025-11-12 16:22:55,2025-11-12 16:23:55,19.1642,19.139,1.34,-1.34,USD
call,484be8de-870d-41d4-a706-5ae7da1e08cd,S60,EUR/GBP OTC,2025-11-12 16:22:41,2025-11-12 16:23:41,0.8934,0.89362,1.36,1.25,USD
put,f33873e1-e437-4813-a2e9-ac48656e183b,S60,EUR/JPY OTC,2025-11-12 16:20:52,2025-11-12 16:21:52,177.861,177.936,1.35,-1.35,USD
put,845f3435-5aaa-4e44-ae39-75ed7f9cffc1,S60,USD/VND OTC,2025-11-12 16:20:42,2025-11-12 16:21:42,25226.5,25225,1.36,0.87,USD
put,8cd73f77-d956-465a-a7b7-4f787bdffeb8,S60,USD/MXN OTC,2025-11-12 16:19:03,2025-11-12 16:20:03,19.1488,19.1454,1.35,1.24,USD
put,30b63088-8959-4a60-9bfd-a9bad2504a3b,S60,USD/MYR OTC,2025-11-12 16:18:21,2025-11-12 16:19:21,4.71365,4.713678,1.36,-1.36,USD
call,ce3695a4-f9f1-442a-b0d8-420add8229d4,S60,YER/USD OTC,2025-11-12 16:18:14,2025-11-12 16:19:14,0.0042342,0.0042319,1.38,-1.38,USD
call,a47b1fa1-c52d-4563-8e94-e222237e3a12,S60,EUR/GBP OTC,2025-11-12 16:14:29,2025-11-12 16:15:29,0.89175,0.89197,1.36,1.25,USD
call,b23c1aff-0da0-44c9-8a6d-d85747ab102f,S60,EUR/GBP OTC,2025-11-12 16:12:55,2025-11-12 16:13:55,0.89128,0.89144,1.33,1.22,USD
put,59ff0ed7-68e8-46d3-a4cf-4d58e462ab6d,S60,USD/CAD OTC,2025-11-12 16:12:50,2025-11-12 16:13:50,1.41303,1.41257,1.34,0.74,USD
put,2db9e898-4731-424d-88ff-b19b926c38ea,S60,USD/INR OTC,2025-11-12 16:11:54,2025-11-12 16:12:54,88.2976,88.303,1.36,-1.36,USD
call,49dc967c-1be5-4de1-b979-99cdabba50c8,S60,AUD/CHF OTC,2025-11-12 16:11:24,2025-11-12 16:12:24,0.55657,0.55584,1.37,-1.37,USD
put,6730090f-e357-41b5-9241-c16ae5b28b38,S60,USD/INR OTC,2025-11-12 16:10:45,2025-11-12 16:11:45,88.3016,88.3047,1.36,-1.36,USD
put,737302bd-4765-4aa4-8296-83f6929167a7,S60,NZD/JPY OTC,2025-11-12 16:10:15,2025-11-12 16:11:15,83.689,83.649,1.37,1.26,USD
call,612d64b3-e558-41da-a4b4-ea1507defe34,S60,EUR/GBP OTC,2025-11-12 16:09:06,2025-11-12 16:10:06,0.8906,0.89036,1.36,-1.36,USD
put,8dee5dab-85ec-48b0-8e3b-7f4323d66afc,S180,USD/VND OTC,2025-11-12 16:06:15,2025-11-12 16:09:15,25253.6,25247.7,1.34,0.86,USD
call,8225fd92-13d6-42e1-a56b-29857f1974cf,S60,MAD/USD OTC,2025-11-12 16:07:27,2025-11-12 16:08:27,0.11158,0.11234,1.35,1.24,USD
put,6c9fb55d-2a2c-4f85-9186-9687ec278193,S60,NZD/JPY OTC,2025-11-12 16:05:38,2025-11-12 16:06:38,83.762,83.718,1.35,1.24,USD
put,d6881870-48c1-474c-84e9-792b1a710d7c,S60,USD/THB OTC,2025-11-12 16:03:55,2025-11-12 16:04:55,36.52903,36.52918,1.37,-1.37,USD
call,afff92b6-73c3-4bf8-bafa-1af54efac98c,S60,EUR/GBP OTC,2025-11-12 16:03:25,2025-11-12 16:04:25,0.89049,0.89013,1.38,-1.38,USD
put,ef922682-d1cd-43cf-9dbb-c6ecbb7af809,S180,CHF/JPY OTC,2025-11-12 15:59:39,2025-11-12 16:02:39,192.308,192.238,1.36,1.24,USD
call,7c090b5b-d7a4-403f-9d86-ea8cbe911827,S60,AUD/CHF OTC,2025-11-12 16:01:19,2025-11-12 16:02:19,0.55465,0.55473,1.34,1.23,USD
put,3942806a-18db-4610-9c72-eecb7d73b1b0,S60,AUD/CAD OTC,2025-11-12 15:55:30,2025-11-12 15:56:30,0.91017,0.91003,1.34,1.23,USD
call,52d534aa-d8d2-440c-8548-c109b45a040e,S60,AUD/CHF OTC,2025-11-12 15:55:19,2025-11-12 15:56:19,0.55174,0.55158,1.36,-1.36,USD
put,bad6b7fa-5626-4a33-8028-ab4ee380357a,S180,BHD/CNY OTC,2025-11-12 15:53:12,2025-11-12 15:56:12,18.84776,18.84845,1.37,-1.37,USD
put,2c8421f3-0848-46d4-b796-e85e1868d231,S300,GBP/USD OTC,2025-11-12 15:47:29,2025-11-12 15:52:29,1.33223,1.33304,1.41,-1.41,USD
call,1b669372-8f64-4830-ac36-7b8d70e93739,S180,NGN/USD OTC,2025-11-12 15:48:33,2025-11-12 15:51:33,0.002661,0.002504,1.39,-1.39,USD
put,5a23a741-11a4-495c-a463-d2abde1c9900,S180,AED/CNY OTC,2025-11-12 15:47:53,2025-11-12 15:50:53,1.99091,1.99183,1.4,-1.4,USD
call,fb98940d-6abf-4e6c-a33e-de1e16966c0c,S60,AUD/CHF OTC,2025-11-12 15:45:28,2025-11-12 15:46:28,0.55408,0.55306,1.43,-1.43,USD
call,8f1890a7-ac2c-4422-999b-2dc27d6cdf9b,S60,USD/VND OTC,2025-11-12 15:43:47,2025-11-12 15:44:47,25268.3,25263.8,1.41,-1.41,USD
call,d5a4a60c-787f-4424-a20e-df9cf9f2a9ab,S60,USD/DZD OTC,2025-11-12 15:43:26,2025-11-12 15:44:26,134.254,134.274,1.43,1.32,USD
call,d290e564-52ee-421e-84a5-d59240964140,S60,AUD/CHF OTC,2025-11-12 15:41:20,2025-11-12 15:42:20,0.55239,0.55183,1.42,-1.42,USD
call,df47ab39-29ca-4ba0-b829-a0614c3af817,S60,USD/IDR OTC,2025-11-12 15:41:04,2025-11-12 15:42:04,16094.4,16102.5,1.43,1.32,USD
put,7188aac0-91fd-4449-b659-b688aefcea99,S60,QAR/CNY OTC,2025-11-12 15:39:43,2025-11-12 15:40:43,1.958835,1.958822,1.39,1.28,USD
call,94f0aa65-ee49-4a36-8614-1ab462c22735,S60,CHF/JPY OTC,2025-11-12 15:39:31,2025-11-12 15:40:31,192.113,192.07,1.4,-1.4,USD
call,a97589a9-aa94-4757-aabb-7ea7268fc80a,S60,USD/BDT OTC,2025-11-12 15:39:20,2025-11-12 15:40:20,117.14393,117.14504,1.42,1.31,USD
put,3382318a-289c-42c4-a458-005871f325e6,S60,USD/BDT OTC,2025-11-12 15:38:16,2025-11-12 15:39:16,117.14262,117.14351,1.43,-1.43,USD
call,135cf7fa-eb10-43e1-b335-80447dc9f64d,S600,QAR/CNY OTC,2025-11-12 15:25:41,2025-11-12 15:35:41,1.959043,1.958966,1.41,-1.41,USD
call,c0cb4e9e-9eab-46f4-8d5a-c4a05398445d,S300,CAD/JPY OTC,2025-11-12 15:25:12,2025-11-12 15:30:12,111.95,111.837,1.42,-1.42,USD
call,f4c287f7-0993-452b-a74e-b1d267502bf7,S300,NGN/USD OTC,2025-11-12 15:25:03,2025-11-12 15:30:03,0.002544,0.002539,1.43,-1.43,USD
call,7799e650-f187-4e32-95dd-c47e47fecd04,S300,TND/USD OTC,2025-11-12 15:24:54,2025-11-12 15:29:54,0.31335,0.3147,1.45,1.33,USD
call,c11808f2-6535-4336-975b-1d7e9c91473e,S60,USD/RUB OTC,2025-11-12 15:26:00,2025-11-12 15:27:00,75.0112,75.0135,1.39,1.28,USD
put,f333889f-6897-43ba-b2e3-65ef5c73c7a8,S300,ZAR/USD OTC,2025-11-12 15:09:10,2025-11-12 15:14:10,0.07135,0.07171,1.43,-1.43,USD
call,7a6db91f-412c-40b3-9410-d0a14a36c748,S300,USD/IDR OTC,2025-11-12 15:06:44,2025-11-12 15:11:44,16090.6,16093.9,1.45,1.33,USD
put,46f88be0-bb15-4873-b48e-31c98d97765f,S60,NZD/USD OTC,2025-11-12 15:04:18,2025-11-12 15:05:18,0.52541,0.52506,1.44,1.32,USD
put,5ea233a4-ee7d-49e9-8d1a-ec23ee2c44be,S60,JOD/CNY OTC,2025-11-12 15:04:13,2025-11-12 15:05:13,10.03013,10.030146,1.45,-1.45,USD
call,a347f080-7989-4ce3-8621-bd6ef2419271,S60,AUD/CHF OTC,2025-11-12 15:02:39,2025-11-12 15:03:39,0.54672,0.54655,1.44,-1.44,USD
call,c0de1612-6e2b-4e11-b28f-649f7a88615d,S60,USD/IDR OTC,2025-11-12 15:02:05,2025-11-12 15:03:05,16097.3,16097.7,1.45,1.33,USD
call,877b2501-0e4f-410b-9853-af9f3604c771,S60,USD/IDR OTC,2025-11-12 14:56:33,2025-11-12 14:57:33,16087.4,16095.7,1.41,1.3,USD
call,85505832-75d2-42d6-b5a1-a9be29eb727d,S60,USD/JPY OTC,2025-11-12 14:56:26,2025-11-12 14:57:26,157.676,157.669,1.43,-1.43,USD
put,f0aa0d0a-1f50-47e6-b02a-476a64728058,S60,NGN/USD OTC,2025-11-12 14:56:08,2025-11-12 14:57:08,0.002253,0.002239,1.44,1.32,USD
call,79d77381-c6cd-4323-8593-b2da9fe6ef55,S60,LBP/USD OTC,2025-11-12 14:54:07,2025-11-12 14:55:07,0.000010349,0.000010364,1.37,1.26,USD
put,03b5d6be-f6b7-476b-9632-2254162d670c,S60,NZD/USD OTC,2025-11-12 14:53:54,2025-11-12 14:54:54,0.52695,0.52678,1.39,1.28,USD
put,6261be83-6c7b-446b-9ae6-d4d35e7bc60a,S60,ZAR/USD OTC,2025-11-12 14:53:27,2025-11-12 14:54:27,0.07223,0.07151,1.4,1.29,USD
call,2b770e75-1e6c-430f-a134-131461b2ca5f,S60,AED/CNY OTC,2025-11-12 14:52:37,2025-11-12 14:53:37,1.9848,1.98395,1.42,-1.42,USD
call,a83635a7-1402-40f1-9372-d1256b91c891,S60,USD/IDR OTC,2025-11-12 14:49:51,2025-11-12 14:50:51,16071.1,16067,1.43,-1.43,USD
call,c95eb180-5ca5-4689-a044-52c83bfac691,S60,USD/JPY OTC,2025-11-12 14:49:37,2025-11-12 14:50:37,157.635,157.592,1.44,-1.44,USD
put,e22b2a65-48f5-4665-b622-e06c403e7c04,S60,AUD/USD OTC,2025-11-12 12:15:18,2025-11-12 12:16:18,0.64625,0.64639,2.95,-2.95,USD
put,75e89b42-fbc5-4264-afd4-b092c494e691,S60,EUR/GBP OTC,2025-11-12 12:10:47,2025-11-12 12:11:47,0.88815,0.88854,3.01,-3.01,USD
call,1b5858ca-b2d0-4108-86ff-e646b4afadd7,S60,USD/COP OTC,2025-11-12 12:09:19,2025-11-12 12:10:19,3846.71,3845.91,3.07,-3.07,USD
call,2ec3b4f8-d2dd-472b-9977-d343f9f5a2f2,S60,CAD/JPY OTC,2025-11-12 12:06:56,2025-11-12 12:07:56,110.783,110.613,3.01,-3.01,USD
put,d4ef0c15-e829-490f-b16e-b6a095d00194,S60,USD/INR OTC,2025-11-12 12:06:29,2025-11-12 12:07:29,88.3873,88.3656,3.07,2.82,USD
put,9922d7c3-3cd1-4165-9bb0-501be9060ae8,S300,AUD/NZD OTC,2025-11-12 11:28:12,2025-11-12 11:33:12,1.27327,1.27117,3.02,2.78,USD
put,9b1767cb-3f85-494f-a78d-805ea0dbfcf4,S120,AUD/NZD OTC,2025-11-12 11:24:30,2025-11-12 11:26:30,1.27228,1.27171,2.96,2.72,USD
put,475160a8-dc3f-4a07-a7ec-59dd16584dfa,S60,AUD/USD OTC,2025-11-12 11:22:54,2025-11-12 11:23:54,0.64619,0.64616,2.91,2.68,USD
call,fd5b06e1-8230-45d2-ad5d-ff0041fcbedb,S60,USD/CAD OTC,2025-11-12 11:20:25,2025-11-12 11:21:25,1.41105,1.41117,2.75,2.53,USD
call,5d137dff-207d-4c24-b027-d8a818410cb7,S60,USD/THB OTC,2025-11-12 11:19:37,2025-11-12 11:20:37,36.53839,36.53845,2.81,2.59,USD
call,8af1be61-13ee-49b3-92fe-87908f9ea787,S60,USD/CAD OTC,2025-11-12 11:17:58,2025-11-12 11:18:58,1.41051,1.41049,2.75,-2.75,USD
put,742d877d-b6dc-454b-8f6d-e5b8638a62a4,S60,USD/DZD OTC,2025-11-12 11:17:50,2025-11-12 11:18:50,133.807,133.816,2.81,-2.81,USD
call,2c3e249a-95c5-49fd-a032-b8ae88bf60a1,S60,USD/PHP OTC,2025-11-12 11:17:36,2025-11-12 11:18:36,58.16808,58.16883,2.87,2.64,USD
put,52ae4140-d547-4736-9fde-cab0fb960164,S60,EUR/USD OTC,2025-11-12 11:14:36,2025-11-12 11:15:36,1.15411,1.15407,2.81,2.59,USD
put,7f69ee19-8461-4e10-8182-830b94512b96,S60,EUR/USD OTC,2025-11-12 11:13:23,2025-11-12 11:14:23,1.15415,1.15415,2.81,0,USD
call,1f41c10c-7db0-4bd2-a98d-93f05214f242,S60,NGN/USD OTC,2025-11-12 11:11:16,2025-11-12 11:12:16,0.003316,0.003323,2.76,2.54,USD
put,d068f817-8de5-4483-a966-35023e775a0c,S60,USD/IDR OTC,2025-11-12 11:09:47,2025-11-12 11:10:47,15973.8,15970.4,1.37,1.26,USD
put,e14fb628-c9e5-45d0-8cb3-0891ae773065,S60,AUD/CAD OTC,2025-11-12 11:07:00,2025-11-12 11:08:00,0.92273,0.92258,1.36,1.25,USD
call,2d7353a7-8f6d-4b4e-82e8-cb62f1ae757d,S60,KES/USD OTC,2025-11-12 11:04:50,2025-11-12 11:05:50,0.010602,0.010553,1.37,-1.37,USD
call,3ed26c85-21c8-4731-8d7b-d929a0321b4f,S300,EUR/USD OTC,2025-11-12 10:52:18,2025-11-12 10:57:18,1.15534,1.15573,1.36,1.25,USD
call,d6075e28-0c73-4b4d-903f-1c3ae6698a30,S300,EUR/USD OTC,2025-11-12 10:47:10,2025-11-12 10:52:10,1.15515,1.15532,1.3,1.2,USD
call,4453dc8b-408a-444d-a036-7274d7588c21,S300,KES/USD OTC,2025-11-12 10:47:02,2025-11-12 10:52:02,0.010449,0.010544,1.31,1.21,USD
put,6a7ee710-0e42-415d-9448-0a21530ca83b,S300,USD/CNH OTC,2025-11-12 10:46:26,2025-11-12 10:51:26,7.14385,7.14378,1.32,1.21,USD
call,a99de934-901f-4b4c-9140-a1e9507993a1,S300,YER/USD OTC,2025-11-12 09:07:39,2025-11-12 09:12:39,0.0041378,0.0041384,1.31,1.21,USD
put,f68136b6-8a6c-4073-83dd-4449b2a302bc,S300,CAD/CHF OTC,2025-11-12 08:59:47,2025-11-12 09:04:47,0.58214,0.58005,1.23,1.13,USD
call,a443566b-6b23-4d7c-a594-3d5ac1c43e31,S300,NGN/USD OTC,2025-11-12 08:59:30,2025-11-12 09:04:30,0.002642,0.002675,1.24,1.14,USD
put,88fc2663-6d6d-4816-8c6c-03efd049b66f,S300,NZD/USD OTC,2025-11-12 08:59:19,2025-11-12 09:04:19,0.5329,0.53261,1.25,1.15,USD
call,6bdf40fb-0fcf-4cb8-bd81-b9a53dfb149a,S300,YER/USD OTC,2025-11-12 08:58:54,2025-11-12 09:03:54,0.0041331,0.0041353,1.26,1.16,USD
put,32211d90-84d6-4147-bce6-eac04e6ec2f8,S60,TND/USD OTC,2025-11-12 01:20:37,2025-11-12 01:21:37,0.30473,0.30416,3.69,3.39,USD
call,784867dc-b4f0-4d4a-b013-6bcf2eb3c922,S60,EUR/USD OTC,2025-11-12 01:19:29,2025-11-12 01:20:29,1.15699,1.15653,3.8,-3.8,USD
put,3a69870a-fbc2-441f-a4de-2231a73e4037,S60,USD/ARS OTC,2025-11-12 01:18:11,2025-11-12 01:19:11,1215.4,1215.24,3.31,3.05,USD
put,d3eed633-a71f-4b63-b9ec-1f225023c226,S60,USD/RUB OTC,2025-11-12 01:17:49,2025-11-12 01:18:49,74.9729,74.9705,3.41,3.14,USD
call,355e0d6e-4ef7-43f2-b080-a53a1bd021b3,S60,USD/VND OTC,2025-11-12 01:17:38,2025-11-12 01:18:38,25075.4,25076,3.52,3.24,USD
put,12ef381b-3eb4-4c64-ac5b-6c707c38c225,S60,EUR/CHF OTC,2025-11-12 01:15:30,2025-11-12 01:16:30,0.94545,0.94595,3.63,-3.63,USD
put,b198318f-76bb-4f1a-8a18-3f7ab1b126a5,S60,USD/ARS OTC,2025-11-12 01:15:23,2025-11-12 01:16:23,1215.87,1215.96,3.74,-3.74,USD
call,8dba204e-d160-47d6-b72e-bf56cfafe402,S60,USD/BRL OTC,2025-11-12 01:14:13,2025-11-12 01:15:13,5.6388,5.6306,3.63,-3.63,USD
call,03215953-9eb2-420f-8674-d10e6c042f19,S60,USD/VND OTC,2025-11-12 01:13:50,2025-11-12 01:14:50,25069.8,25071.1,3.75,3.45,USD
call,61b0fb91-7466-44a1-b840-4dcd14cbfd05,S60,YER/USD OTC,2025-11-12 01:12:31,2025-11-12 01:13:31,0.0040957,0.0040984,3.65,3.36,USD
call,16781ed7-1c15-492b-b8b1-61d27e7e3fcf,S60,YER/USD OTC,2025-11-12 01:11:27,2025-11-12 01:12:27,0.0040928,0.0040943,3.18,2.93,USD
call,e4689502-3265-440a-81c3-760dabd299d3,S60,USD/BRL OTC,2025-11-12 01:11:09,2025-11-12 01:12:09,5.62,5.6252,3.27,3.01,USD
put,f2fed3bc-2244-445d-b7bc-154d41a7ea2d,S60,USD/ARS OTC,2025-11-12 01:11:04,2025-11-12 01:12:04,1216.39,1216.01,3.37,3.1,USD
call,0400f194-9de2-467a-8c0f-4bb35abfe039,S60,YER/USD OTC,2025-11-12 01:09:31,2025-11-12 01:10:31,0.0040913,0.0040905,3.48,-3.48,USD
call,a74c065a-a5f2-430b-a223-7bf434860633,S60,GBP/JPY OTC,2025-11-12 01:09:14,2025-11-12 01:10:14,206.56,206.461,3.59,-3.59,USD
put,f28c016f-e872-42d6-b4d9-254e02df7669,S60,QAR/CNY OTC,2025-11-12 01:07:11,2025-11-12 01:08:11,1.957048,1.957057,3.48,-3.48,USD
call,9ebc44bd-e638-49c9-a708-898b4b3e7e7e,S60,AUD/NZD OTC,2025-11-12 01:06:54,2025-11-12 01:07:54,1.26306,1.2643,3.59,3.3,USD
put,4f858b83-9458-4023-995e-6def52b39f1e,S60,EUR/USD OTC,2025-11-12 01:05:38,2025-11-12 01:06:38,1.15634,1.15654,3.49,-3.49,USD
call,e3bff6e8-d417-4663-93b9-9e902526e28b,S60,GBP/JPY OTC,2025-11-12 01:05:03,2025-11-12 01:06:03,206.511,206.649,3.6,3.31,USD
put,6373eb63-1a90-461b-8120-9150bb24a669,S60,QAR/CNY OTC,2025-11-12 01:03:43,2025-11-12 01:04:43,1.957128,1.957043,3.5,3.22,USD
call,8b678622-a732-4b22-99e0-e55fabc4f58a,S60,USD/BRL OTC,2025-11-12 01:03:35,2025-11-12 01:04:35,5.6058,5.6042,3.61,-3.61,USD
call,6c7672a9-95d1-4705-96b7-33c687fc29d6,S60,USD/INR OTC,2025-11-12 01:03:32,2025-11-12 01:04:32,89.0723,89.0472,3.72,-3.72,USD
put,96413e9f-3b45-465f-b88b-26b0a9de011d,S60,USD/MXN OTC,2025-11-12 01:03:25,2025-11-12 01:04:25,18.598,18.6038,3.84,-3.84,USD
call,a01e024b-ba11-4984-ab29-d6a70d2bd8c2,S60,USD/BRL OTC,2025-11-12 01:02:02,2025-11-12 01:03:02,5.5994,5.5965,3.95,-3.95,USD
put,b3dc2bb1-89fd-4f87-9cd0-af37ffd5ebf2,S60,EUR/USD OTC,2025-11-12 01:00:16,2025-11-12 01:01:16,1.15659,1.15652,3.64,3.35,USD
call,843feaaf-3ee8-4179-81b9-e39575b3bbc2,S60,USD/BRL OTC,2025-11-12 00:59:55,2025-11-12 01:00:55,5.5877,5.5933,3.75,3.45,USD
call,3976aedd-e0d1-40ef-81ff-0a3082b52df8,S60,GBP/USD OTC,2025-11-12 00:57:54,2025-11-12 00:58:54,1.3245,1.3242,3.87,-3.87,USD
put,8682f1ac-883f-424e-8d1f-d555a811d631,S60,AED/CNY OTC,2025-11-12 00:57:37,2025-11-12 00:58:37,1.9332,1.93337,3.99,-3.99,USD
call,0c9f3611-31b6-45d4-bb50-d43df3724e02,S60,GBP/USD OTC,2025-11-12 00:56:31,2025-11-12 00:57:31,1.3235,1.32416,3.47,3.19,USD
call,a5402c95-d2aa-42af-910f-4680805392be,S60,USD/CHF OTC,2025-11-12 00:56:09,2025-11-12 00:57:09,0.81286,0.81335,3.58,3.29,USD
put,e39874aa-e2f1-42ba-8ea8-15acfd4772ec,S60,AED/CNY OTC,2025-11-12 00:55:57,2025-11-12 00:56:57,1.93495,1.93375,3.69,3.36,USD
call,4aa04c74-1d24-41c8-9c2e-81f32dfdc86a,S60,GBP/USD OTC,2025-11-12 00:54:47,2025-11-12 00:55:47,1.32357,1.32397,3.27,3.01,USD
call,9dc83649-3463-4aa8-9aaf-7624372ef28c,S60,USD/BRL OTC,2025-11-12 00:54:25,2025-11-12 00:55:25,5.5558,5.5625,5.74,5.28,USD
put,f06d2e2c-c4a1-4583-9325-a77d8009f929,S60,GBP/AUD OTC,2025-11-12 00:52:43,2025-11-12 00:53:43,2.05083,2.0505,4.58,4.21,USD
call,ea69f9ab-dfd4-4ad7-848e-4f051f90d576,S60,GBP/USD OTC,2025-11-12 00:52:39,2025-11-12 00:53:39,1.32354,1.32366,4.82,4.43,USD
call,6bd06035-5e7d-48b7-8033-63fbc063847a,S60,USD/BRL OTC,2025-11-12 00:52:28,2025-11-12 00:53:28,5.5426,5.5529,5.07,4.66,USD
put,ceea6316-c767-4e65-a22a-d98b4ec9d1b6,S60,QAR/CNY OTC,2025-11-12 00:48:59,2025-11-12 00:49:59,1.957211,1.957179,3.71,3.41,USD
call,5f911a13-70fc-417c-822a-9413e00c60a1,S60,GBP/USD OTC,2025-11-12 00:48:41,2025-11-12 00:49:41,1.32286,1.32325,3.91,3.6,USD
put,a09a3da9-669d-4f47-9a76-784c07e5bb50,S60,GBP/AUD OTC,2025-11-12 00:48:26,2025-11-12 00:49:26,2.0528,2.05209,4.12,3.79,USD
call,8e1ba97f-dd18-4f8d-828b-1bc3d8d2d0d9,S60,USD/RUB OTC,2025-11-12 00:48:16,2025-11-12 00:49:16,74.9909,74.9935,4.33,3.98,USD
call,dda94cbd-ca82-44f5-99f2-59a792a6d4bd,S60,USD/BRL OTC,2025-11-12 00:45:53,2025-11-12 00:46:53,5.5297,5.516,4.56,-4.56,USD
call,8dba6a1e-ea90-43ae-9f10-3caba6ff1f01,S60,USD/BRL OTC,2025-11-12 00:44:50,2025-11-12 00:45:50,5.5247,5.5226,4.8,-4.8,USD
call,4b4cd10c-a6a9-4ea3-8ffa-7315cc241324,S60,NGN/USD OTC,2025-11-12 00:37:03,2025-11-12 00:38:03,0.002651,0.002672,1.9,0.87,USD
call,15301f9f-0c1b-455e-9227-49db9a6f65c2,S60,JOD/CNY OTC,2025-11-12 00:34:57,2025-11-12 00:35:57,10.027258,10.02726,4.55,4.19,USD
call,e86de8d4-add9-4fc3-bb48-18b443a8b00a,S60,JOD/CNY OTC,2025-11-12 00:33:46,2025-11-12 00:34:46,10.02727,10.02725,1.72,-1.72,USD
put,3bc72f53-3720-40de-a54b-ad895cb5059d,S60,USD/CHF OTC,2025-11-12 00:33:32,2025-11-12 00:34:32,0.80987,0.8096,1.76,1.62,USD
call,2f1a49fb-2ae1-4164-8a60-b516a3e1ff72,S60,JOD/CNY OTC,2025-11-12 00:33:02,2025-11-12 00:34:02,10.02718,10.027259,1.66,1.53,USD
call,6f72e81c-cfac-4e8d-892b-67b1cbf1738a,S60,JOD/CNY OTC,2025-11-12 00:32:30,2025-11-12 00:33:30,10.027178,10.027255,1.63,1.5,USD
call,fa4e4217-70dc-439b-a964-484d37a7086a,S60,USD/JPY OTC,2025-11-12 00:32:11,2025-11-12 00:33:11,158.701,158.732,1.66,1.53,USD
call,485911ec-7b6d-4fe3-85a2-56e71d385ef0,S60,QAR/CNY OTC,2025-11-12 00:32:00,2025-11-12 00:33:00,1.957361,1.957373,1.7,1.56,USD
call,db14fe4e-0cf8-4413-84b8-ddd66d248c96,S60,QAR/CNY OTC,2025-11-12 00:30:59,2025-11-12 00:31:59,1.957352,1.957361,1.55,1.43,USD
call,d5169cb0-e92e-4a48-b6c1-17d7ed6e41b2,S60,GBP/USD OTC,2025-11-12 00:30:53,2025-11-12 00:31:53,1.32075,1.32133,1.58,1.44,USD
call,6357b0ae-2b92-4738-988b-80eea5a55a24,S60,USD/JPY OTC,2025-11-12 00:30:30,2025-11-12 00:31:30,158.659,158.672,1.55,1.43,USD
call,ae5bfc76-af60-4c06-a2bc-fb676ce9eb08,S60,USD/ARS OTC,2025-11-12 00:30:20,2025-11-12 00:31:20,1216.22,1216.21,1.58,-1.58,USD
put,a6d32d99-dcc3-4cba-9f01-6f7f98cb2a67,S60,NZD/JPY OTC,2025-11-12 00:29:33,2025-11-12 00:30:33,84.854,84.717,1.56,1.44,USD
call,83a5341c-6b62-4a18-960d-9b762e29110d,S60,GBP/USD OTC,2025-11-12 00:28:58,2025-11-12 00:29:58,1.32015,1.32021,1.59,1.37,USD
put,e0d5f459-73c4-4a08-8b54-80b581204ee4,S60,USD/CHF OTC,2025-11-12 00:27:29,2025-11-12 00:28:29,0.81104,0.81076,1.5,1.38,USD
call,5d1007b2-f505-456e-a9c7-0d63c4b9480f,S60,USD/MXN OTC,2025-11-12 00:27:23,2025-11-12 00:28:23,18.6514,18.6561,1.53,1.41,USD
put,2ce0382e-0807-4a45-8d41-e5619865782c,S60,QAR/CNY OTC,2025-11-12 00:27:10,2025-11-12 00:28:10,1.957191,1.957255,1.56,-1.56,USD
call,dfa7733d-1e29-4d82-b742-f08f1b47e12f,S60,JOD/CNY OTC,2025-11-12 00:27:00,2025-11-12 00:28:00,10.027078,10.026963,1.6,-1.6,USD
call,e761e850-72a7-400c-8d86-8b6b70b25efb,S60,EUR/RUB OTC,2025-11-12 00:24:51,2025-11-12 00:25:51,85.17865,85.17887,1.51,1.31,USD
put,2f493521-0789-42b8-bfcc-af5f8c4c0c43,S60,QAR/CNY OTC,2025-11-12 00:24:48,2025-11-12 00:25:48,1.957237,1.957212,1.54,1.42,USD
put,80139fc7-a39d-43f9-9f9a-147c76ae2ac3,S60,USD/ARS OTC,2025-11-12 00:23:30,2025-11-12 00:24:30,1215.3,1215.24,1.51,1.39,USD
put,baf464d0-2914-4755-9d1f-8d22e2df65ba,S60,CAD/CHF OTC,2025-11-12 00:23:05,2025-11-12 00:24:05,0.59229,0.5926,1.54,-1.54,USD
call,784564dd-cbb1-4777-8cd3-562b62274fbd,S60,EUR/USD OTC,2025-11-12 00:22:23,2025-11-12 00:23:23,1.15851,1.15827,1.52,-1.52,USD
put,a43835a4-6e74-4c08-8ba2-30c445212920,S60,AUD/NZD OTC,2025-11-12 00:21:33,2025-11-12 00:22:33,1.2616,1.26152,1.49,1.37,USD
put,9c23767c-76ac-4ae9-91a3-e2111b60a052,S60,USD/INR OTC,2025-11-12 00:21:11,2025-11-12 00:22:11,88.9952,88.9955,1.52,-1.52,USD
call,513c79bf-923a-4742-b1fc-b41b008eebcb,S60,USD/CHF OTC,2025-11-12 00:20:46,2025-11-12 00:21:46,0.81185,0.81249,1.55,1.43,USD
call,5c792629-8459-4943-8d6d-f429e07aeb97,S60,EUR/USD OTC,2025-11-12 00:19:32,2025-11-12 00:20:32,1.15799,1.15775,1.58,-1.58,USD
call,98070ae0-8530-4697-804f-826b6a9531fb,S60,EUR/USD OTC,2025-11-12 00:18:43,2025-11-12 00:19:43,1.15792,1.15791,1.55,-1.55,USD
put,b95d880b-19ee-4795-8e48-6af166067838,S60,CAD/CHF OTC,2025-11-12 00:18:24,2025-11-12 00:19:24,0.59361,0.59378,1.58,-1.58,USD
call,bb7ced90-b492-4aa2-ad5a-51103c11b6a0,S60,EUR/CHF OTC,2025-11-12 00:18:19,2025-11-12 00:19:19,0.94926,0.94958,1.61,1.48,USD
call,5b8e77f7-7496-4ab3-af89-ff4aab632eb3,S60,USD/MXN OTC,2025-11-12 00:16:02,2025-11-12 00:17:02,18.6173,18.6256,1.58,1.45,USD
put,d48fe546-2628-479b-a36e-4ce754bacef8,S60,AED/CNY OTC,2025-11-12 00:15:59,2025-11-12 00:16:59,1.93717,1.93795,1.62,-1.62,USD
put,c1afd369-273c-47d1-be44-58979065a6cc,S60,EUR/RUB OTC,2025-11-12 00:15:52,2025-11-12 00:16:52,85.17445,85.17461,1.65,-1.65,USD
put,d577d37a-9865-406d-b78f-f2b2fa929490,S60,EUR/USD OTC,2025-11-12 00:14:46,2025-11-12 00:15:46,1.15677,1.15708,1.62,-1.62,USD
call,bbfea7b8-37da-45e1-be39-cdef67c77b52,S60,EUR/CHF OTC,2025-11-12 00:14:22,2025-11-12 00:15:22,0.94809,0.94838,1.65,1.52,USD
call,5109e05a-0acf-469d-beb2-ef3e4f7ffa81,S60,USD/MYR OTC,2025-11-12 00:13:02,2025-11-12 00:14:02,4.711965,4.711974,1.59,1.14,USD
call,7c1043ed-d279-4eee-87a4-8f89e3136e28,S60,USD/CHF OTC,2025-11-12 00:12:39,2025-11-12 00:13:39,0.81233,0.81218,1.63,-1.63,USD
put,8bc0082e-e3b3-4510-86b6-9aedf9dfbe8b,S60,AED/CNY OTC,2025-11-12 00:12:26,2025-11-12 00:13:26,1.93861,1.94032,1.66,-1.66,USD
put,c19b0800-6f41-41c2-aba6-6d84853b48df,S60,USD/MYR OTC,2025-11-12 00:12:16,2025-11-12 00:13:16,4.711913,4.711993,1.69,-1.69,USD
put,bfaa0c3b-b83a-45ad-9170-1b4966872795,S60,EUR/RUB OTC,2025-11-12 00:12:11,2025-11-12 00:13:11,85.17523,85.17523,1.73,0,USD
put,e51f3d94-ca68-465d-b39f-cfa9a66b9590,S60,USD/ARS OTC,2025-11-12 00:10:54,2025-11-12 00:11:54,1216.24,1216.32,1.63,-1.63,USD
call,b4b7b29c-365a-44c2-b594-0a2cb89a665f,S60,NZD/JPY OTC,2025-11-12 00:10:43,2025-11-12 00:11:43,85.333,85.232,1.67,-1.67,USD
call,b8a1569d-4de0-48ee-9c08-2a021de65688,S60,USD/BRL OTC,2025-11-12 00:10:37,2025-11-12 00:11:37,5.4824,5.4828,1.7,1.28,USD
put,9e2ef28a-93e6-4363-ba08-329b181106d9,S60,USD/INR OTC,2025-11-12 00:10:19,2025-11-12 00:11:19,89.0221,89.0103,1.74,1.6,USD
put,3bf29ac1-4168-470e-afbd-9207b266ae75,S60,YER/USD OTC,2025-11-12 00:09:25,2025-11-12 00:10:25,0.0040808,0.0040814,1.77,-1.77,USD
call,5b0f5664-d045-43ec-99ee-37d0a6c53076,S60,EUR/CHF OTC,2025-11-12 00:07:49,2025-11-12 00:08:49,0.94666,0.94666,1.64,0,USD
put,ebf7fb63-8e5f-4da6-819a-ce609e44a4fa,S60,USD/MYR OTC,2025-11-12 00:07:44,2025-11-12 00:08:44,4.711775,4.711707,1.68,1.55,USD
call,55cd4bec-02b7-46e8-994f-89d3e8592338,S60,USD/PKR OTC,2025-11-12 00:07:28,2025-11-12 00:08:28,273.693,273.711,1.71,1.56,USD
put,9d8e2610-6dce-49a9-b2f4-f4be32f52226,S60,USD/MYR OTC,2025-11-12 00:06:43,2025-11-12 00:07:43,4.711755,4.711784,1.75,-1.75,USD
call,bc04dbab-060b-4418-9989-c3bd834e85fb,S60,USD/INR OTC,2025-11-12 00:06:10,2025-11-12 00:07:10,89.0772,89.05,1.71,-1.71,USD
call,71affca2-cc1d-4b9d-9ae8-03afdcffea6f,S60,EUR/USD OTC,2025-11-12 00:05:33,2025-11-12 00:06:33,1.15782,1.15802,1.68,1.55,USD
call,57be53e2-a594-4d61-83ca-eca378ac6e7a,S60,USD/INR OTC,2025-11-12 00:05:04,2025-11-12 00:06:04,89.0707,89.0807,1.72,1.58,USD
call,be7ee0b6-7936-4932-a21c-de16f73c88aa,S60,EUR/USD OTC,2025-11-12 00:04:26,2025-11-12 00:05:26,1.15785,1.15778,1.75,-1.75,USD
call,9427cef7-a0ec-4c09-a48b-26c71a47d581,S60,USD/INR OTC,2025-11-12 00:03:02,2025-11-12 00:04:02,89.0697,89.0706,1.65,1.52,USD
call,c056cac8-be06-4425-b8f5-25603b76adf9,S60,NZD/USD OTC,2025-11-12 00:02:54,2025-11-12 00:03:54,0.52413,0.52391,1.69,-1.69,USD
call,8fd5a161-a2a4-4d2d-b624-a7109bc2da0a,S60,CAD/CHF OTC,2025-11-12 00:02:49,2025-11-12 00:03:49,0.59754,0.59675,1.72,-1.72,USD
put,8dc6f8cd-fed2-4bc9-9334-d0194f4079c3,S60,USD/CAD OTC,2025-11-12 00:02:40,2025-11-12 00:03:40,1.41396,1.41368,1.76,1.62,USD
put,301c71cb-62fd-485f-8bae-4b5a2fd00b77,S180,YER/USD OTC,2025-11-11 23:57:00,2025-11-12 00:00:00,0.004088,0.0040926,1.72,-1.72,USD
put,917bf55c-74ee-44e7-8d45-eb7dd15fc050,S180,AED/CNY OTC,2025-11-11 23:56:50,2025-11-11 23:59:50,1.94608,1.94238,1.76,1.62,USD
put,2085dc8e-2820-49ea-872c-469cf655df71,S60,AUD/NZD OTC,2025-11-11 23:55:45,2025-11-11 23:56:45,1.26709,1.26706,1.73,1.59,USD
put,23b88e2b-662b-45f9-a895-6e67ff23368d,S60,AUD/NZD OTC,2025-11-11 23:54:34,2025-11-11 23:55:34,1.26729,1.26711,1.63,1.5,USD
call,f7ac7a6a-48b2-469f-aec9-2b42dbfe8e45,S60,NZD/USD OTC,2025-11-11 23:54:05,2025-11-11 23:55:05,0.52197,0.52162,1.67,-1.67,USD
put,b9277904-fcc9-4847-b775-6e10c4f57254,S60,USD/PKR OTC,2025-11-11 23:53:40,2025-11-11 23:54:40,273.421,273.338,1.7,1.56,USD
put,3db53aa5-6fe0-451f-bcfc-9fd46e1b26ce,S60,EUR/RUB OTC,2025-11-11 23:52:37,2025-11-11 23:53:37,85.17606,85.17649,1.73,-1.73,USD
call,ade7ce16-4d30-4da3-a195-6d769900ac6f,S5,NZD/USD OTC,2025-11-11 23:51:10,2025-11-11 23:51:15,0.52209,0.52187,1.77,-1.77,USD
call,9eaa3e34-bdef-4e57-8b48-551060416231,S5,USD/CHF OTC,2025-11-11 23:50:37,2025-11-11 23:50:42,0.80942,0.8094,1.81,-1.81,USD
call,6d32ddf9-a0f7-4f34-a2f3-989fb48aa284,S5,USD/MXN OTC,2025-11-11 23:50:18,2025-11-11 23:50:23,18.5809,18.584,1.77,1.61,USD
put,eac06d77-7e1a-48e8-9da8-fbd62d5762e9,S5,AUD/NZD OTC,2025-11-11 23:49:49,2025-11-11 23:49:54,1.26923,1.26904,1.74,1.6,USD
put,fb3aa8b9-e84f-4ca6-b382-9ff7b6105fa0,S5,NZD/JPY OTC,2025-11-11 23:49:22,2025-11-11 23:49:27,85.317,85.351,1.78,-1.78,USD
call,fa969d05-e5c4-47e5-86ef-2e336e618ed6,S5,USD/CHF OTC,2025-11-11 23:48:45,2025-11-11 23:48:50,0.80892,0.80899,1.75,1.61,USD
call,d025d36d-79be-432d-b811-c3b09d464a36,S60,EUR/USD OTC,2025-11-11 23:47:26,2025-11-11 23:48:26,1.15611,1.15607,1.71,-1.71,USD
call,772e243b-ffe5-4b54-87ce-f9b6bf1a9ed4,S60,AUD/NZD OTC,2025-11-11 23:47:20,2025-11-11 23:48:20,1.2702,1.27043,1.75,1.61,USD
put,5f9cc733-5d67-4f45-b18d-b7199bd821d2,S60,USD/CAD OTC,2025-11-11 23:46:58,2025-11-11 23:47:58,1.41429,1.41439,1.78,-1.78,USD
call,0cc6a139-6c4e-4b74-8a90-6ad81adb636c,S60,USD/PKR OTC,2025-11-11 23:46:51,2025-11-11 23:47:51,273.845,273.816,1.82,-1.82,USD
put,3e269328-cac0-41a6-875e-638d81ffec8c,S60,AUD/CAD OTC,2025-11-11 23:45:47,2025-11-11 23:46:47,0.80994,0.81018,1.86,-1.86,USD
call,6ad6affd-e10b-40e7-b4a2-fdb04e0f46b4,S60,CHF/JPY OTC,2025-11-11 23:45:43,2025-11-11 23:46:43,191.547,191.456,1.89,-1.89,USD
put,01be7b55-6995-4030-9a06-1f0c81a45839,S180,YER/USD OTC,2025-11-11 23:42:10,2025-11-11 23:45:10,0.0040878,0.0040876,1.87,1.72,USD
call,433cbd0a-65c9-41ca-bd2a-0ff8712d8aee,S60,AUD/NZD OTC,2025-11-11 23:44:08,2025-11-11 23:45:08,1.27009,1.26875,1.86,-1.86,USD
put,d120e3d2-041e-47c2-bf1d-f4b9bfc4064e,S60,AUD/CAD OTC,2025-11-11 23:43:03,2025-11-11 23:44:03,0.81148,0.81074,1.76,1.62,USD
call,bff988c6-096d-46ce-bb98-409f927a7049,S60,CHF/JPY OTC,2025-11-11 23:43:00,2025-11-11 23:44:00,191.525,191.438,1.79,-1.79,USD
call,6090b280-6493-4437-9d69-faa2687d33d0,S60,AUD/NZD OTC,2025-11-11 23:42:19,2025-11-11 23:43:19,1.2683,1.26901,1.83,1.68,USD
put,27f37d2c-a647-44b1-8770-f56bd4040dac,S60,YER/USD OTC,2025-11-11 23:41:06,2025-11-11 23:42:06,0.0040858,0.0040885,1.9,-1.9,USD
call,5e7fab1a-bbd8-4661-809c-7c1ad8f097be,S60,NZD/JPY OTC,2025-11-11 23:39:13,2025-11-11 23:40:13,85.458,85.498,1.73,1.59,USD
put,d5536214-78c8-4110-929e-53f283aec374,S60,USD/INR OTC,2025-11-11 23:39:08,2025-11-11 23:40:08,88.9416,88.9596,1.77,-1.77,USD
put,eb02415a-b2df-4b5f-ae1c-5ee4de995dd2,S60,CAD/CHF OTC,2025-11-11 23:39:00,2025-11-11 23:40:00,0.59227,0.59211,1.81,1.67,USD
put,1224a021-70a1-4785-ab0f-8b4bf054f279,S60,GBP/USD OTC,2025-11-11 23:38:50,2025-11-11 23:39:50,1.31777,1.31729,1.84,1.58,USD
call,5bedc5b7-8db6-44b8-a510-a3f2fec80a5f,S120,USD/ARS OTC,2025-11-11 23:36:19,2025-11-11 23:38:19,1217.79,1217.21,1.88,-1.88,USD
put,240b3d70-c8d7-4a99-ac9e-e5e8093d6af3,S180,USD/MXN OTC,2025-11-11 23:35:14,2025-11-11 23:38:14,18.5431,18.5466,1.96,-1.96,USD
put,d6d32ff1-0e32-4e8d-91c1-484c435a13a1,S120,USD/INR OTC,2025-11-11 23:35:39,2025-11-11 23:37:39,88.9464,88.9667,1.92,-1.92,USD
put,e57b4dbc-3690-4d72-941d-2c700bd33e1e,S60,NGN/USD OTC,2025-11-11 23:17:23,2025-11-11 23:18:23,0.002256,0.002253,1.85,1.67,USD
put,e9e8cb04-a773-440e-8a77-42939137299b,S60,USD/ARS OTC,2025-11-11 23:17:18,2025-11-11 23:18:18,1215.94,1215.6,1.89,1.74,USD
put,8e4563c8-c93f-41d4-a92b-10bca51da2b8,S60,AUD/NZD OTC,2025-11-11 23:16:55,2025-11-11 23:17:55,1.26424,1.26451,1.93,-1.93,USD
call,cf1abb52-c691-4ac9-a00a-c4998d31e66e,S30,GBP/USD OTC,2025-11-11 23:16:03,2025-11-11 23:16:33,1.31814,1.31841,1.9,1.67,USD
put,c791e957-8bd4-4297-8734-19ac57f71597,S30,USD/EGP OTC,2025-11-11 23:15:19,2025-11-11 23:15:49,47.143,47.14306,1.93,-1.93,USD
call,5ab07f4c-6e41-41a2-8c5f-66fa96111286,S30,NZD/JPY OTC,2025-11-11 23:15:04,2025-11-11 23:15:34,85.445,85.412,1.97,-1.97,USD
put,ffe5a47c-b4a5-43d7-8651-f142457f0ee5,S30,BHD/CNY OTC,2025-11-11 23:14:16,2025-11-11 23:14:46,18.87741,18.87693,1.94,1.78,USD
put,ee8f7b1d-3d6e-45aa-94a2-f1ec53bfed91,S30,EUR/USD OTC,2025-11-11 23:13:54,2025-11-11 23:14:24,1.15356,1.15386,1.9,-1.9,USD
call,627125b4-be02-4ba8-8f88-cbdc978ead5e,S30,NZD/JPY OTC,2025-11-11 23:13:33,2025-11-11 23:14:03,85.359,85.397,1.94,1.78,USD
put,10e92ffc-ffc4-4e32-bd9c-f5969827c8d1,S30,EUR/USD OTC,2025-11-11 23:11:56,2025-11-11 23:12:26,1.15426,1.15406,1.91,1.76,USD
call,be78bc94-d658-45f9-aef5-b94afa18ddb1,S30,USD/ARS OTC,2025-11-11 23:11:41,2025-11-11 23:12:11,1216.7,1216.6,1.94,-1.94,USD
put,8e2f9235-f2f6-4823-be5e-de7ef8b23008,S30,USD/IDR OTC,2025-11-11 23:11:33,2025-11-11 23:12:03,15932.4,15934.7,1.98,-1.98,USD
call,e7167576-ac89-4e4f-b0fb-ddb201db3c29,S30,USD/DZD OTC,2025-11-11 23:10:55,2025-11-11 23:11:25,134.9,134.937,1.95,1.79,USD
call,78687112-8678-4b11-8ddb-3c6878f9cdf7,S30,NZD/USD OTC,2025-11-11 23:10:41,2025-11-11 23:11:11,0.5215,0.52137,1.99,-1.99,USD
call,c1b8f82c-da70-41d6-9468-dde16b73677c,S30,GBP/USD OTC,2025-11-11 23:09:44,2025-11-11 23:10:14,1.31707,1.31706,2.03,-2.03,USD
call,9303902f-92d6-470f-b8a2-2c8f3d74a92d,S30,GBP/USD OTC,2025-11-11 23:09:11,2025-11-11 23:09:41,1.31714,1.31705,1.99,-1.99,USD
call,59c525b7-2c32-451e-ad42-207585cfd2f6,S30,USD/SGD OTC,2025-11-11 23:08:52,2025-11-11 23:09:22,1.42264,1.42317,1.95,1.79,USD
put,56a1b32f-8771-4597-95c9-2e95a7d74dd1,S30,USD/MYR OTC,2025-11-11 23:08:41,2025-11-11 23:09:11,4.711969,4.712008,1.99,-1.99,USD
call,8e0c651e-7ea6-4f29-9fbd-3bf93003aff7,S30,GBP/USD OTC,2025-11-11 23:08:36,2025-11-11 23:09:06,1.31673,1.31705,2.03,1.87,USD
call,709db59f-651a-4f98-86fa-df7e7fa9013d,S30,GBP/USD OTC,2025-11-11 23:08:01,2025-11-11 23:08:31,1.31656,1.31654,2.08,-2.08,USD
put,f0ab83f0-8d36-4c2e-87e5-b0a25e299760,S30,NGN/USD OTC,2025-11-11 23:07:27,2025-11-11 23:07:57,0.002243,0.002131,1.96,1.8,USD
call,04505ea5-df20-44e8-a096-4de02eb272c0,S30,USD/BDT OTC,2025-11-11 23:07:13,2025-11-11 23:07:43,117.27555,117.27581,2,1.84,USD
put,2840e3e7-de5d-463f-860f-b6f0eb37c278,S30,USD/IDR OTC,2025-11-11 23:07:06,2025-11-11 23:07:36,15934.3,15939.8,2.04,-2.04,USD
put,fd5b7e4b-4450-4c06-bcaf-ae3317bd021b,S30,USD/RUB OTC,2025-11-11 23:06:29,2025-11-11 23:06:59,74.9671,74.9682,2.01,-2.01,USD
call,57da9219-337d-489e-9d45-45c791c81acf,S30,NZD/JPY OTC,2025-11-11 23:06:12,2025-11-11 23:06:42,85.015,85.106,2.05,1.89,USD
call,67944bcf-3215-43d9-b234-cf765a7bb830,S120,USD/COP OTC,2025-11-11 23:04:11,2025-11-11 23:06:11,3837.78,3837.32,2.09,-2.09,USD
call,246daf0a-a91e-4a71-82ae-e5ab76e2168e,S60,USD/RUB OTC,2025-11-11 23:03:51,2025-11-11 23:04:51,74.9722,74.9689,2.13,-2.13,USD
put,5512bbf8-36c1-4e83-83c8-90ee52069c4f,S120,LBP/USD OTC,2025-11-11 23:00:39,2025-11-11 23:02:39,0.000009097,0.000009085,2.07,1.76,USD
call,3f20132e-f52d-4c65-a293-769106222de8,S60,GBP/JPY OTC,2025-11-11 23:00:52,2025-11-11 23:01:52,205.531,205.48,2.03,-2.03,USD
put,90c0266b-37d2-4ce1-a54e-bac0404b53a2,S120,USD/COP OTC,2025-11-11 22:58:59,2025-11-11 23:00:59,3841.83,3840.44,2.11,1.16,USD
call,8ccf3203-87bb-4059-8b83-e1b9697f943a,S120,USD/RUB OTC,2025-11-11 22:58:29,2025-11-11 23:00:29,74.9728,74.9691,2.16,-2.16,USD
call,ba1de11e-c6d3-492f-8b80-905540892eaa,S60,USD/RUB OTC,2025-11-11 22:57:32,2025-11-11 22:58:32,74.978,74.9727,2.2,-2.2,USD
call,610df2f7-c3bc-4a8c-9eac-b9468125877d,S60,GBP/JPY OTC,2025-11-11 22:56:08,2025-11-11 22:57:08,205.379,205.26,2.25,-2.25,USD
call,0d2dd319-7ae3-4692-bfdd-ab751996e97f,S60,LBP/USD OTC,2025-11-11 22:56:03,2025-11-11 22:57:03,0.000009023,0.000009015,2.29,-2.29,USD
call,e035fda7-9eb2-481f-a46a-05819a0e2d99,S60,GBP/JPY OTC,2025-11-11 22:52:24,2025-11-11 22:53:24,205.295,205.211,2.34,-2.34,USD
put,3ea124f5-62d6-412a-8cb7-baaabed4dfd2,S60,USD/BDT OTC,2025-11-11 22:50:16,2025-11-11 22:51:16,117.26827,117.27002,2.39,-2.39,USD
call,9f56845c-05f0-4099-87f5-c23cdc8effa3,S60,NZD/USD OTC,2025-11-11 22:48:10,2025-11-11 22:49:10,0.52022,0.52006,2.43,-2.43,USD
call,d218db2f-b271-475b-9448-f5e6cb3a2a33,S60,SAR/CNY OTC,2025-11-11 22:48:06,2025-11-11 22:49:06,1.894317,1.894308,2.48,-2.48,USD
call,6d212f86-cf83-47c4-b29e-cd6b8943b571,S60,SAR/CNY OTC,2025-11-11 22:38:21,2025-11-11 22:39:21,1.894236,1.894267,2.44,2.24,USD
call,1d5ad438-7e90-4ba5-8b79-4ae9d69059e1,S60,SAR/CNY OTC,2025-11-11 22:37:03,2025-11-11 22:38:03,1.894218,1.89422,2.31,2.13,USD
call,b8ae9ce9-7c78-4484-bc01-2f16e4fedbc6,S60,AUD/CAD OTC,2025-11-11 22:36:49,2025-11-11 22:37:49,0.82457,0.82515,2.35,2.16,USD
put,0182d239-289b-457c-8f31-2a0377e3dd32,S60,USD/BDT OTC,2025-11-11 22:36:45,2025-11-11 22:37:45,117.27019,117.27043,2.4,-2.4,USD
put,a4ca9dbb-d920-403d-9254-10674d3b1882,S60,BHD/CNY OTC,2025-11-11 22:34:41,2025-11-11 22:35:41,18.88007,18.88114,2.45,-2.45,USD
call,6afad4c4-73e9-43ba-8357-535e9d5709e8,S60,EUR/USD OTC,2025-11-11 22:33:51,2025-11-11 22:34:51,1.15468,1.15437,2.5,-2.5,USD
call,aaafffc6-ed7b-410a-aca7-e5a3c160c5a6,S60,USD/CAD OTC,2025-11-11 22:32:26,2025-11-11 22:33:26,1.41544,1.41534,2.55,-2.55,USD
call,832af98f-f260-4af9-9685-4370f1137da1,S60,USD/RUB OTC,2025-11-11 22:32:20,2025-11-11 22:33:20,74.9537,74.9528,2.6,-2.6,USD
put,505c26e6-a7d0-4c09-b6f0-23106d7f530e,S60,USD/ARS OTC,2025-11-11 22:29:56,2025-11-11 22:30:56,1216.26,1216.65,2.66,-2.66,USD
put,474fcd3f-dfc4-40dd-80ba-7d05b698752f,S60,USD/PKR OTC,2025-11-11 22:24:13,2025-11-11 22:25:13,275.028,275.041,2.71,-2.71,USD
call,935b67f5-4865-4f18-be7c-2c5405eeb93e,S60,EUR/RUB OTC,2025-11-11 22:22:25,2025-11-11 22:23:25,85.18335,85.18405,2.66,2.45,USD
put,e91b6ada-4d64-4b34-a8e1-a9137a023294,S60,EUR/RUB OTC,2025-11-11 21:49:09,2025-11-11 21:50:09,85.17818,85.18056,2.61,-2.61,USD
call,912cd4d5-e2e7-4eed-99f0-7c7cb33d2550,S60,QAR/CNY OTC,2025-11-11 21:48:42,2025-11-11 21:49:42,1.957459,1.957468,2.66,2.45,USD
put,70e53ffa-f9fd-4bd6-a2fd-0a151c44684a,S60,USD/CHF OTC,2025-11-11 21:47:06,2025-11-11 21:48:06,0.80465,0.80409,2.62,2.41,USD
put,1e02e47d-7d76-482c-9773-4ef99f1225c3,S60,EUR/RUB OTC,2025-11-11 21:45:11,2025-11-11 21:46:11,85.18007,85.17975,2.57,2.36,USD
call,b9151bc7-a501-464a-bc0b-02353d8145fc,S60,USD/JPY OTC,2025-11-11 12:11:18,2025-11-11 12:12:18,158.209,158.206,2.62,-2.62,USD
call,1eece480-13fd-4127-a953-99119208238d,S60,AED/CNY OTC,2025-11-11 12:10:24,2025-11-11 12:11:24,1.95993,1.95834,2.68,-2.68,USD
put,5101b13d-0206-4b2c-ab54-437bbf005887,S60,NZD/USD OTC,2025-11-11 12:09:05,2025-11-11 12:10:05,0.50834,0.5086,2.73,-2.73,USD
put,e28ead46-10c4-47fc-8ec9-ebc04689b503,S60,USD/IDR OTC,2025-11-11 12:08:36,2025-11-11 12:09:36,14840.3,14841.5,2.79,-2.79,USD
put,43cb5354-e668-4bf4-9988-7cb4435c87d6,S120,USD/CHF OTC,2025-11-11 12:05:02,2025-11-11 12:07:02,0.79706,0.79632,2.69,2.47,USD
put,1bb54cb9-55f1-4b82-980d-fa14d1b48fdc,S60,USD/ARS OTC,2025-11-11 12:05:58,2025-11-11 12:06:58,1215.68,1215.58,2.63,2.42,USD
put,45e6897b-4800-45c3-9135-210e9efb5ca0,S120,NZD/USD OTC,2025-11-11 12:02:03,2025-11-11 12:04:03,0.50918,0.50899,2.64,2.43,USD
put,47067f10-b5b2-4155-b242-83083d892e04,S60,NZD/USD OTC,2025-11-11 12:00:52,2025-11-11 12:01:52,0.50924,0.50949,2.69,-2.69,USD
call,82d74cd9-3d96-41b8-b1c1-997f3c8488c1,S60,USD/CLP OTC,2025-11-11 11:59:23,2025-11-11 12:00:23,906.3457,906.3447,2.65,-2.65,USD
call,9b0fd71a-c59e-48e0-bd39-9100f56d458d,S60,AUD/CAD OTC,2025-11-11 11:58:55,2025-11-11 11:59:55,0.83341,0.83378,2.7,2.35,USD
call,d011a9e0-e068-4a5b-989f-f0d38fb9e04f,S300,USD/RUB OTC,2025-11-11 11:53:02,2025-11-11 11:58:02,75.0307,75.0332,2.76,2.54,USD
put,3ce318db-daeb-4385-96bf-3b80fe362ac4,S60,AED/CNY OTC,2025-11-11 11:56:33,2025-11-11 11:57:33,1.94855,1.94992,2.65,-2.65,USD
call,b0167906-aec2-429b-b2d0-efabe0f58c48,S60,EUR/USD OTC,2025-11-11 11:54:35,2025-11-11 11:55:35,1.15545,1.15495,2.7,-2.7,USD
call,eccca681-a36a-4e01-b1a0-89278e83488c,S60,USD/ARS OTC,2025-11-11 11:51:11,2025-11-11 11:52:11,1217.36,1217.09,2.7,-2.7,USD
call,e5588374-ea83-47ef-9bda-4feb1a01627e,S60,USD/CAD OTC,2025-11-11 11:50:57,2025-11-11 11:51:57,1.42119,1.42149,2.76,2.54,USD
call,c992c2f9-33e7-41f2-9d07-d0f1918d1875,S60,EUR/GBP OTC,2025-11-11 11:49:19,2025-11-11 11:50:19,0.91142,0.91135,2.71,-2.71,USD
call,e8f24cf6-b531-47f2-a998-2cbce2557480,S60,NGN/USD OTC,2025-11-11 11:49:05,2025-11-11 11:50:05,0.002106,0.002121,2.76,2.54,USD
put,0da65e6f-0d6a-442b-a7bf-a5dfe487204a,S60,USD/BRL OTC,2025-11-11 11:48:49,2025-11-11 11:49:49,5.5047,5.5053,2.82,-2.82,USD
put,c60e8cb9-bb63-4156-85e3-bbbf238096e9,S60,YER/USD OTC,2025-11-11 07:40:30,2025-11-11 07:41:30,0.0041875,0.0041842,2.77,2.55,USD
call,6d45c14e-9145-4397-b08e-76157930b507,S300,AED/CNY OTC,2025-11-11 07:25:32,2025-11-11 07:30:32,1.93797,1.93776,2.72,-2.72,USD
put,74c49a7d-0026-4125-a303-c56102ea556f,S60,EUR/RUB OTC,2025-11-11 07:28:15,2025-11-11 07:29:15,85.2176,85.21713,2.72,2.5,USD
put,9b5df1f2-a028-41b9-858a-0498fdfd7f30,S60,AUD/CHF OTC,2025-11-11 07:26:04,2025-11-11 07:27:04,0.49711,0.49658,2.67,2.46,USD
put,b812a414-4bf6-4254-84af-69e261fced5e,S60,AUD/NZD OTC,2025-11-11 07:18:42,2025-11-11 07:19:42,1.23986,1.23983,2.67,2.46,USD
put,5e003941-d03e-49d4-a196-d53ef248e355,S60,EUR/RUB OTC,2025-11-11 07:18:01,2025-11-11 07:19:01,85.21925,85.22011,2.73,-2.73,USD
call,1c2808c7-35c3-4d31-a981-7f05566affc0,S60,QAR/CNY OTC,2025-11-11 07:15:33,2025-11-11 07:16:33,1.956353,1.956372,2.68,2.47,USD
call,9cf1f923-4279-4554-9a3a-d5e03db65290,S60,USD/CAD OTC,2025-11-11 07:13:05,2025-11-11 07:14:05,1.41688,1.41726,2.63,2.42,USD
call,7ace1e48-9f69-4576-b67e-9bcda35b1070,S300,EUR/USD OTC,2025-11-11 07:04:41,2025-11-11 07:09:41,1.12307,1.12381,2.58,2.37,USD
put,d746d6fe-43dd-4782-9795-a80a2f223f2b,S60,EUR/USD OTC,2025-11-11 06:57:02,2025-11-11 06:58:02,1.12286,1.12272,2.44,2.24,USD
call,f651b046-02f9-4bb1-98d2-e2bf08ed2cd4,S60,EUR/RUB OTC,2025-11-11 06:56:03,2025-11-11 06:57:03,85.22642,85.22643,2.49,2.29,USD
put,c75de4f1-a3ad-4134-9c09-f679b7d65322,S60,EUR/USD OTC,2025-11-11 06:55:45,2025-11-11 06:56:45,1.12292,1.123,2.54,-2.54,USD